asteroid_id,ore_units,crystal_units,gas_units,cargo_value,total
AST-001,42,18,27,255,87
AST-002,15,33,21,258,69
AST-003,58,12,36,284,106
AST-004,27,24,19,231,70
AST-005,63,9,31,264,103
AST-006,34,28,14,250,76
AST-007,49,16,25,253,90
AST-008,21,37,18,281,76
AST-009,55,22,29,307,106
AST-010,18,41,16,289,75
AST-011,46,15,33,266,94
AST-012,31,26,20,252,77
AST-013,67,11,24,261,102
AST-014,23,35,17,272,75
AST-015,52,19,28,283,99
AST-016,39,23,15,238,77
AST-017,61,14,30,282,105
AST-018,26,32,22,278,80
AST-019,44,21,34,295,99
AST-020,17,39,13,268,69
AST-021,57,17,26,277,100
AST-022,29,30,19,265,78
AST-023,64,10,35,283,109
AST-024,36,25,16,245,77
AST-025,48,20,23,265,91
AST-026,22,34,27,295,83
AST-027,59,13,32,279,104
AST-028,33,29,18,265,80
AST-029,53,18,21,259,92
AST-030,25,36,24,302,85
